checking_status,duration,credit_history,purpose,credit_amount,savings_status,employment,installment_commitment,personal_status,other_parties,residence_since,property_magnitude,age,other_payment_plans,housing,existing_credits,job,num_dependents,own_telephone,foreign_worker
0,24,3,4,1246,2,2,4,3,2,2,3,23,2,1,1,3,1,0,1
1,12,3,4,900,4,0,4,2,2,2,0,23,1,1,1,1,1,0,1
3,6,3,4,672,2,4,1,0,2,4,3,54,1,1,1,2,1,1,1
3,10,3,9,2848,0,0,1,3,0,2,3,32,1,1,1,1,2,0,1
3,48,1,0,7629,4,3,4,1,2,2,0,46,0,1,2,0,2,0,1
0,9,3,6,1206,2,3,4,0,2,4,3,25,1,1,1,1,1,0,1
3,48,1,4,10127,1,0,2,3,2,2,2,44,0,0,1,1,1,0,1
3,24,3,9,2679,2,2,4,0,2,1,2,29,1,1,1,0,1,1,1
3,15,3,4,5324,1,3,1,0,2,4,2,35,1,0,1,1,1,0,1
3,11,1,4,1393,2,2,4,0,2,4,0,35,1,1,2,0,1,0,1
1,12,3,4,3651,3,0,1,3,2,3,1,31,1,1,1,1,2,0,1
1,12,3,1,741,0,4,4,0,2,3,1,22,1,1,1,1,1,0,1
2,10,1,6,1347,4,1,4,3,2,2,1,27,1,1,2,1,1,1,1
1,30,3,3,3108,2,2,2,1,2,4,1,31,1,1,1,3,1,0,1
1,48,4,9,4605,2,3,3,3,2,4,2,24,1,0,2,1,2,0,1
1,12,3,3,3590,2,0,2,3,0,2,1,29,1,1,1,3,2,0,1
2,6,3,3,2116,2,0,2,3,2,2,3,41,1,1,1,1,1,1,1
3,12,1,2,2012,4,1,4,0,2,2,0,61,1,1,1,1,1,0,1
3,11,1,4,7228,2,0,1,3,2,4,1,39,1,1,2,3,1,0,1
1,36,0,3,2746,2,3,4,3,2,4,0,31,0,1,1,1,1,0,1
3,24,1,2,1597,2,3,4,3,2,4,2,54,1,0,2,1,2,0,1
3,24,1,6,2684,2,0,4,3,2,2,3,35,1,1,2,3,1,0,1
0,42,1,0,5954,2,1,2,0,2,1,3,41,0,1,2,3,1,0,1
1,6,1,4,666,3,1,3,0,2,4,3,39,1,1,2,3,1,1,1
3,6,3,6,1595,2,1,3,3,2,2,1,51,1,1,1,1,2,0,1
2,15,1,6,1271,4,0,3,3,2,4,2,39,1,0,2,1,1,1,1
0,15,4,4,1778,2,2,2,0,2,1,3,26,1,2,2,2,1,0,1
0,21,3,3,3976,4,1,2,3,2,3,0,35,1,1,1,1,1,1,1
3,6,3,3,2978,1,0,1,3,2,2,0,32,1,1,1,1,1,1,1
1,24,4,3,4110,2,3,3,3,2,4,2,23,0,2,2,1,2,0,1
0,15,3,7,1308,2,3,4,3,2,4,0,38,1,1,2,3,1,0,1
3,18,0,4,6458,2,3,2,3,2,4,2,39,0,1,2,0,2,1,1
3,36,2,3,7678,1,1,2,0,2,4,0,40,1,1,2,1,1,1,1
3,21,1,4,12680,4,3,4,3,2,4,2,30,1,0,1,0,1,1,1
1,30,4,3,4583,2,0,2,1,1,2,3,32,1,1,2,1,1,0,1
3,24,3,9,7814,2,1,3,3,2,3,0,38,1,1,1,0,1,1,1
1,12,3,4,759,2,1,4,3,2,2,3,26,1,1,1,1,1,0,1
3,24,1,9,3868,2,3,4,0,2,2,0,41,1,2,2,0,1,1,1
3,18,3,7,1943,2,2,4,0,2,4,3,23,1,1,1,1,1,0,1
1,12,1,4,691,2,3,4,3,2,3,1,35,1,1,2,1,1,0,1
1,39,1,3,14179,4,1,4,3,2,4,1,30,1,1,2,0,1,1,1
1,15,2,3,3643,2,3,1,0,2,4,1,27,1,1,2,3,1,0,1
2,24,3,6,1377,0,3,4,0,2,2,2,47,1,0,1,1,1,1,1
0,36,2,4,8086,0,3,2,3,2,4,0,42,1,1,4,0,1,1,1
0,18,1,0,1887,4,0,4,2,2,4,3,28,0,1,2,1,1,0,1
3,12,3,6,707,2,0,4,3,2,2,3,30,0,1,2,1,1,0,1
3,12,3,4,1386,1,0,2,0,2,2,1,26,1,1,1,1,1,0,1
1,24,1,9,6615,2,4,2,3,2,4,2,75,1,0,2,0,1,1,1
3,6,3,7,660,1,1,2,2,2,4,3,23,1,2,1,3,1,0,1
1,9,3,3,2136,2,0,3,3,2,2,3,25,1,1,1,1,1,0,1
2,12,2,4,2247,2,0,2,0,2,2,0,36,2,1,2,1,1,1,1
1,24,3,6,2439,2,2,4,0,2,4,3,35,1,1,1,1,1,1,1
3,30,0,9,7485,4,4,4,0,2,1,3,53,0,1,1,0,1,1,1
3,18,3,6,2051,2,2,4,3,2,1,3,33,1,1,1,1,1,0,1
0,48,4,4,8358,1,2,1,0,2,1,0,30,1,1,2,1,1,0,1
1,18,4,3,3114,2,2,1,0,2,4,1,26,1,2,1,1,1,0,1
3,15,1,9,3368,3,3,3,3,2,4,2,23,1,2,2,1,1,1,1
3,11,3,0,2142,3,3,1,1,2,2,3,28,1,1,1,1,1,1,1
3,18,3,3,1984,2,0,4,3,2,4,2,47,0,0,2,1,1,0,1
0,48,0,0,3566,0,1,4,3,2,2,0,30,1,1,1,1,1,0,1
2,18,3,4,1961,2,3,3,0,2,2,0,23,1,1,1,0,1,0,1
0,7,3,6,2415,2,0,3,3,1,2,3,34,1,1,1,1,1,0,1
1,47,3,4,10722,2,2,1,0,2,1,3,35,1,1,1,3,1,1,1
3,36,1,3,7127,2,2,2,0,2,4,1,23,1,2,2,1,1,1,1
0,24,1,6,1743,2,3,4,3,2,2,1,48,1,1,2,3,1,0,1
1,12,3,6,1107,2,0,2,3,2,2,3,20,1,2,1,0,2,1,1
1,27,4,0,5293,2,4,2,3,2,4,1,50,2,1,2,1,1,1,1
3,18,3,3,3422,2,3,4,3,2,4,1,47,0,1,3,1,2,1,1
0,6,3,6,2063,2,2,4,2,2,3,0,30,1,2,1,0,1,1,1
1,15,3,0,806,2,0,4,0,2,4,1,22,1,1,1,3,1,0,1
3,21,2,0,2580,1,2,4,3,2,2,3,41,0,1,1,3,2,0,1
0,60,3,2,6288,2,0,4,3,2,4,2,42,1,0,1,1,1,0,1
0,12,3,6,1484,4,0,2,2,2,1,3,25,1,1,1,1,1,1,1
1,18,3,9,7511,4,3,1,3,2,4,1,51,1,0,1,1,2,1,1
3,24,1,0,4139,0,0,3,3,2,3,1,27,1,1,2,3,1,1,1
3,12,3,6,3059,3,1,2,1,2,4,3,61,1,1,1,3,1,0,1
1,18,3,6,2389,2,2,4,0,2,1,0,27,2,1,1,1,1,0,1
3,24,3,6,1533,2,2,4,0,2,3,0,38,2,1,1,1,1,1,1
0,12,3,0,1037,0,1,3,3,2,4,3,39,1,1,1,3,1,0,1
3,24,3,3,929,4,1,4,3,2,2,0,31,2,1,1,1,1,1,1
1,24,3,6,1987,2,0,2,3,2,4,3,21,1,2,1,3,2,0,1
3,24,0,0,1559,2,1,4,3,2,4,0,50,0,1,1,1,1,1,1
3,5,3,0,3448,2,1,1,3,2,4,3,74,1,1,1,3,1,0,1
1,30,3,7,11998,2,2,1,1,2,1,2,34,1,1,1,3,1,1,1
1,24,3,3,3149,2,2,4,3,2,1,2,22,0,0,1,1,1,0,1
1,24,3,3,3345,2,3,4,3,2,2,1,39,1,2,1,0,1,1,1
1,12,3,9,3386,2,3,3,3,2,4,2,35,1,0,1,1,1,1,1
2,12,1,4,939,1,1,4,2,2,2,3,28,1,1,3,1,1,1,1
1,15,3,4,2511,2,4,1,0,2,4,0,23,1,2,1,1,1,0,1
3,28,0,9,7824,4,2,3,3,1,4,3,40,0,2,2,1,2,1,1
3,9,3,6,2753,0,3,3,3,0,4,0,35,1,1,1,1,1,1,1
1,24,3,6,1823,2,4,4,3,2,2,0,30,2,1,1,0,2,0,1
3,18,1,6,1098,2,4,4,0,2,4,0,65,1,1,2,2,1,0,1
3,12,1,2,2096,2,1,2,3,2,3,3,49,1,1,1,3,2,0,1
0,8,3,0,907,2,2,3,2,2,2,3,26,1,1,1,1,1,1,1
0,18,3,9,12976,2,4,3,0,2,4,2,38,1,0,1,0,1,1,1
3,6,1,6,1382,2,0,1,0,2,1,0,28,1,1,2,1,1,1,1
1,9,3,4,654,2,0,4,3,2,3,0,28,1,1,1,3,1,0,1
1,6,3,4,662,2,2,3,3,2,4,3,41,1,1,1,3,2,1,1
3,30,3,9,4811,4,1,2,0,2,4,1,24,2,2,1,3,1,0,1
0,30,1,4,2181,4,3,4,3,2,4,3,36,1,1,2,1,1,0,1
0,24,3,6,1967,2,3,4,0,2,4,0,20,1,1,1,1,1,1,1
3,12,3,9,4675,4,2,1,0,2,4,0,20,1,2,1,1,1,0,1
3,24,3,0,1258,2,1,4,3,2,1,3,25,1,1,1,1,1,1,1
3,6,1,6,1740,2,3,2,2,2,2,3,30,1,2,2,1,1,0,1
3,15,1,3,3343,2,0,4,3,2,2,2,28,1,0,1,1,1,1,1
3,12,3,0,1076,2,0,2,2,2,2,3,26,1,1,1,1,1,1,0
1,24,2,6,1024,2,2,4,2,2,4,3,48,2,1,1,1,1,0,1
0,18,3,9,2779,2,0,1,2,2,3,0,21,1,2,1,1,1,1,1
3,20,1,4,3485,4,2,2,1,2,4,3,44,1,1,2,1,1,1,1
3,15,2,3,960,3,1,3,0,2,2,1,30,1,1,2,1,1,0,1
0,30,3,3,3441,0,0,2,0,0,4,0,21,1,2,1,1,1,0,1
0,9,3,4,1549,4,2,4,3,2,2,3,35,1,1,1,2,1,0,1
3,24,3,9,3488,0,1,3,0,2,4,0,23,1,1,1,1,1,0,1
1,12,3,3,1282,2,0,2,0,2,4,0,20,1,2,1,1,1,0,1
1,18,1,7,1190,2,4,2,0,2,4,2,55,1,0,3,2,2,0,1
3,6,4,6,426,2,3,4,2,2,4,0,39,1,1,1,3,1,0,1
3,24,2,4,2538,2,3,4,3,2,4,0,47,1,1,2,3,2,0,1
0,18,2,3,4297,2,3,4,1,2,3,2,40,1,1,1,0,1,1,1
3,4,1,6,1503,2,1,2,3,2,1,3,42,1,1,2,3,2,0,1
1,36,3,3,3446,2,3,4,3,2,2,0,42,1,1,1,1,2,0,1
1,12,4,7,1108,2,1,4,3,2,3,3,28,1,1,2,1,1,0,1
0,8,3,6,760,2,1,4,0,1,2,3,44,1,1,1,3,1,0,1
1,12,3,2,684,2,0,4,3,2,4,0,40,1,2,1,3,2,0,1
3,12,3,6,776,2,0,4,2,2,2,3,28,1,1,1,1,1,0,1
0,36,4,0,1953,2,3,4,3,2,4,2,61,1,0,1,0,1,1,1
0,24,3,6,3758,1,4,1,0,2,4,2,23,1,2,1,2,1,0,1
1,12,3,6,1498,2,0,4,0,2,1,0,23,0,1,1,1,1,0,1
0,13,1,6,882,2,2,4,3,1,4,3,23,1,1,2,1,1,0,1
2,10,3,4,1240,0,3,1,0,2,4,2,48,1,0,1,3,2,0,1
1,10,1,3,2132,4,2,2,0,0,3,3,27,1,2,2,1,1,0,0
3,21,3,9,2476,4,3,4,3,2,4,3,46,1,1,1,0,1,1,1
1,60,3,0,7297,2,3,4,3,0,4,2,36,1,2,1,1,1,0,1
1,6,1,4,1361,2,2,2,3,2,4,3,40,1,1,1,3,2,0,0
1,36,3,9,5493,2,3,2,3,2,4,2,42,1,0,1,1,2,0,1
0,30,2,6,1919,0,2,4,3,2,3,2,30,2,1,2,0,1,0,1
3,18,3,0,1950,2,1,4,3,2,1,0,34,2,1,2,1,1,1,1
3,54,4,9,9436,4,0,2,3,2,2,1,39,1,1,1,3,2,0,1
1,45,4,0,11816,2,3,2,3,2,4,0,29,1,2,2,1,1,0,1
3,4,1,6,1544,2,1,2,3,2,1,3,42,1,1,3,3,2,0,1
1,12,3,4,1168,2,0,4,2,2,3,3,27,1,1,1,3,1,0,1
1,6,3,9,1352,1,4,1,0,2,2,1,23,1,2,1,2,1,1,1
3,24,3,0,4591,3,0,2,3,2,3,1,54,1,1,3,0,1,1,1
0,27,1,6,2520,1,0,4,3,2,2,1,23,1,1,2,3,1,0,1
0,12,3,4,1223,2,3,1,1,2,1,3,46,1,2,2,1,1,0,1
1,6,3,1,343,2,2,4,0,2,1,3,27,1,1,1,1,1,0,1
1,12,3,4,1372,2,1,2,1,2,3,0,36,1,1,1,1,1,0,1
0,48,4,0,12204,4,0,2,3,2,2,0,48,0,1,1,0,1,1,1
1,6,1,4,4716,4,2,1,3,2,3,3,44,1,1,2,3,2,0,1
3,12,1,6,2331,4,3,1,3,0,4,3,49,1,1,1,1,1,1,1
3,18,3,6,1453,2,2,3,0,2,1,3,26,1,1,1,1,1,0,1
0,48,4,0,3844,0,1,4,3,2,4,2,34,1,0,1,3,2,0,1
3,36,3,4,3079,4,0,4,3,2,4,3,36,1,1,1,1,1,0,1
1,12,3,3,2578,2,4,3,0,2,4,2,55,1,0,1,0,1,0,1
3,12,1,6,717,2,3,4,3,2,4,3,52,1,1,3,1,1,0,1
0,24,3,9,2760,4,3,4,3,2,4,2,36,0,0,1,1,1,1,1
3,24,1,9,2346,2,1,4,3,2,3,0,35,1,1,2,1,1,1,1
1,12,3,6,1680,1,3,3,2,2,1,3,35,1,1,1,1,1,0,1
2,15,3,2,1905,2,3,4,3,2,4,0,40,1,2,1,0,1,1,1
2,10,3,3,1275,2,2,4,0,2,2,1,23,1,1,1,1,1,0,1
3,24,2,0,3863,2,0,1,3,2,2,2,32,1,0,1,1,1,0,1
3,12,1,6,797,4,3,4,0,2,3,1,33,0,1,1,3,2,0,1
1,6,3,3,428,2,3,2,0,2,1,1,49,0,1,1,1,1,1,1
3,9,3,6,1478,2,1,4,3,2,2,0,22,1,1,1,1,1,0,1
1,24,3,3,1747,2,2,4,3,0,1,1,24,1,1,1,3,1,0,0
1,36,1,3,6229,2,2,4,0,0,4,2,23,1,2,2,3,1,1,1
3,24,2,4,717,4,3,4,2,2,4,0,54,1,1,2,1,1,1,1
1,24,1,4,1199,2,3,4,3,2,4,0,60,1,1,2,3,1,0,1
0,18,3,4,1042,4,0,4,0,2,2,1,33,1,1,1,1,1,0,1
3,18,3,9,3378,4,0,2,3,2,1,1,31,1,1,1,1,1,1,1
3,21,1,3,2288,2,2,4,0,2,4,1,23,1,1,1,1,1,1,1
1,12,3,3,2577,2,0,2,1,2,1,0,42,1,1,1,1,1,0,1
0,12,3,6,766,1,0,4,3,2,3,3,66,1,1,1,3,1,0,1
3,6,2,0,1743,0,0,1,3,2,2,3,34,1,1,2,3,1,0,1
1,24,3,3,4020,2,0,2,3,2,2,0,27,2,1,1,1,1,0,1
3,18,1,6,629,1,3,4,3,2,3,1,32,0,1,2,0,1,1,1
1,12,0,6,626,2,0,4,0,2,4,3,24,0,1,1,3,1,0,1
1,11,1,4,3939,2,0,1,3,2,2,3,40,1,1,2,3,2,0,1
0,9,3,6,1082,2,3,4,3,2,4,0,27,1,1,2,3,1,0,1
3,24,1,7,5507,2,3,3,3,2,4,2,44,1,0,2,1,1,0,1
1,24,3,4,3123,2,2,4,0,2,1,1,27,1,1,1,1,1,0,1
3,18,3,3,1533,2,2,4,2,0,1,1,43,1,1,1,3,2,0,1
0,18,1,3,1295,2,2,4,0,2,1,1,27,1,1,2,1,1,0,1
0,12,4,8,1410,2,0,2,3,2,2,3,31,1,1,1,3,1,1,1
3,36,1,4,6614,2,3,4,3,2,4,0,34,1,1,2,0,1,1,1
3,36,1,6,3342,4,3,4,3,2,2,0,51,1,1,1,1,1,1,1
0,11,2,6,4771,2,1,2,3,2,4,1,51,1,1,1,1,1,0,1
3,10,3,6,1924,2,0,1,3,2,4,1,38,1,1,1,1,1,1,0
0,18,1,0,3590,2,4,3,2,2,3,0,40,1,1,3,2,2,1,1
3,6,3,6,2108,2,1,2,2,2,2,3,29,1,2,1,1,1,0,1
3,24,1,6,5103,2,2,3,2,2,3,2,47,1,0,3,1,1,1,1
1,24,0,3,3552,2,1,3,3,2,4,0,27,0,1,1,1,1,0,1
3,48,3,0,4844,2,4,3,3,2,2,0,33,0,2,1,0,1,1,1
3,15,1,3,2788,2,1,2,0,0,3,0,24,0,1,2,1,1,0,1
0,60,2,6,7418,4,0,1,3,2,1,3,27,1,1,1,3,1,0,1
3,12,3,4,2133,4,3,4,0,2,4,2,52,1,0,1,0,1,1,1
1,27,1,0,2442,2,3,4,3,2,4,0,43,2,1,4,0,2,1,1
3,48,1,9,8858,4,1,2,3,2,1,2,35,1,0,2,1,1,1,1
3,10,3,3,2210,2,0,2,3,2,2,3,25,0,2,1,3,1,0,1
3,18,1,4,1055,2,2,4,0,2,1,1,30,1,1,2,1,1,0,1
2,12,0,6,409,3,0,3,0,2,3,3,42,1,2,2,1,1,0,1
0,21,1,0,3652,2,1,2,3,2,3,1,27,1,1,2,1,1,0,1
1,12,1,4,2171,2,0,4,3,2,4,1,38,0,1,2,3,1,0,0
1,9,1,7,1288,0,3,3,3,1,4,3,48,1,1,2,1,2,0,0
3,21,4,4,5003,4,0,1,0,2,4,1,29,0,1,2,1,1,1,1
1,24,0,4,1193,2,4,1,0,0,4,2,29,1,2,2,2,1,0,1
3,27,2,9,8613,3,0,2,3,2,2,0,27,1,1,2,1,1,0,1
3,18,3,4,1820,2,0,2,2,2,2,1,30,1,1,1,0,1,1,1
1,42,3,3,7882,2,1,2,3,1,4,1,45,1,0,1,1,2,0,1
0,12,3,4,1318,3,3,4,3,2,4,3,54,1,1,1,1,1,1,1
1,24,3,3,3234,2,2,4,0,2,4,3,23,1,2,1,3,1,1,1
0,24,4,0,4241,2,0,1,3,2,4,3,36,1,1,3,3,1,1,1
3,30,1,6,2831,2,0,4,0,2,2,0,33,1,1,1,1,1,1,1
1,12,3,3,708,2,0,2,3,1,3,1,38,1,1,1,3,2,0,1
2,30,2,0,1908,2,3,4,3,2,4,3,66,1,1,1,0,1,1,1
1,6,1,3,3384,2,0,1,1,2,4,3,44,1,2,1,0,1,1,1
3,12,1,0,2292,2,4,4,3,2,2,0,42,2,1,2,0,1,1,1
3,60,2,6,15653,2,1,2,3,2,4,0,21,1,1,2,1,1,1,1
1,16,1,4,2625,2,3,2,3,1,4,1,43,0,2,1,1,1,1,1
3,24,3,3,3972,2,1,2,0,2,4,1,25,1,2,1,1,1,1,1
0,48,3,6,10961,3,1,1,3,0,2,2,27,0,1,2,1,1,1,1
3,24,2,0,8648,2,2,2,3,2,2,0,27,0,1,2,1,1,1,1
3,18,1,6,6070,2,3,3,3,2,4,0,33,1,1,2,1,1,1,1
3,13,3,6,1409,0,4,2,0,2,4,3,64,1,1,1,1,1,0,1
0,9,3,6,790,1,0,4,0,2,3,3,66,1,1,1,3,1,0,1
1,12,3,6,727,0,2,4,2,2,3,2,33,1,1,1,3,1,1,1
0,6,1,8,932,4,1,1,0,2,3,1,39,1,1,2,3,1,0,1
1,24,0,4,2325,0,1,2,3,2,3,0,32,0,1,1,1,1,0,1
3,21,3,3,2241,2,3,4,3,2,2,3,50,1,1,2,1,1,0,1
0,24,3,3,4057,2,1,3,1,2,3,0,43,1,1,1,1,1,1,1
0,20,2,5,2629,2,0,2,3,2,3,0,29,0,1,2,1,1,1,1
1,42,3,6,3965,2,2,4,3,2,3,0,34,1,1,1,1,1,0,1
3,9,1,4,1224,2,0,3,3,2,1,3,30,1,1,2,1,1,0,1
0,12,3,3,1922,2,0,4,3,2,2,1,37,1,1,1,3,1,0,1
3,36,3,6,2299,1,3,4,3,2,4,0,39,1,1,1,1,1,0,1
3,18,3,0,1568,0,0,3,0,2,4,1,24,1,2,1,3,1,0,1
0,9,3,2,1199,2,1,4,0,2,4,1,67,1,1,2,0,1,1,1
3,12,2,9,1503,2,0,4,2,2,4,3,41,1,2,1,1,1,0,1
1,12,4,4,1082,2,0,4,3,2,4,0,48,0,1,2,1,1,0,1
3,6,3,3,4611,2,2,1,0,2,4,1,32,1,1,1,1,1,0,1
0,24,2,6,1553,0,1,3,0,2,2,1,23,1,2,2,1,1,1,1
1,6,3,4,14896,2,3,1,3,2,4,2,68,0,1,1,0,1,1,1
3,36,4,7,2613,2,0,4,3,2,2,0,27,1,1,2,1,1,0,1
3,12,3,3,763,2,0,4,0,2,1,3,26,1,1,1,1,1,1,1
3,15,1,6,1471,2,0,4,3,2,4,2,35,1,0,2,1,1,1,1
0,48,4,0,14421,2,0,2,3,2,2,0,25,1,1,1,1,1,1,1
3,12,1,3,1258,2,2,2,0,2,4,1,22,1,2,2,3,1,0,1
3,12,1,4,682,0,1,4,0,2,3,0,51,1,1,2,1,1,1,1
3,18,1,6,2238,2,0,2,0,2,1,0,25,1,1,2,1,1,0,1
0,24,0,2,1837,2,1,4,0,2,4,2,34,0,0,1,3,1,0,1
0,16,1,4,1175,2,4,2,3,2,3,0,68,1,0,3,2,1,1,1
3,39,3,9,8588,0,3,4,3,2,2,0,45,1,1,1,0,1,1,1
0,12,3,6,1331,2,2,2,3,2,1,0,22,2,1,1,1,1,0,1
3,11,1,6,1154,0,4,4,0,2,4,3,57,1,1,3,3,1,0,1
0,60,3,4,7408,0,2,4,0,2,2,1,24,1,1,1,0,1,0,1
1,24,0,3,2828,1,0,4,3,2,4,3,22,2,1,1,1,1,1,1
1,15,4,4,950,2,3,4,3,2,3,0,33,1,2,2,1,2,0,1
0,6,0,4,931,0,2,1,0,2,1,1,32,2,1,1,3,1,0,1
0,18,2,4,2899,4,3,4,3,2,4,0,43,1,1,1,1,2,0,1
1,48,0,0,7685,2,1,2,0,1,4,0,37,1,2,1,1,1,0,1
0,18,1,3,6361,2,3,2,3,2,1,2,41,1,1,1,1,1,1,1
3,6,3,3,1543,3,0,4,1,2,2,3,33,1,1,1,1,1,0,1
1,18,2,2,8471,4,0,1,0,2,2,0,23,1,2,2,1,1,1,1
3,24,3,6,3235,1,3,3,1,2,2,0,26,1,1,1,0,1,1,1
1,40,1,2,5998,2,0,4,3,2,3,2,27,0,1,1,1,1,1,1
2,12,3,6,1297,2,0,3,2,2,4,3,23,1,2,1,1,1,0,1
3,27,3,4,2570,2,0,3,0,2,3,3,21,1,2,1,1,1,0,1
3,15,3,6,1213,1,3,4,3,2,3,1,47,2,1,1,1,1,1,1
3,9,3,4,3577,0,0,1,3,1,2,3,26,1,2,1,1,2,0,0
0,12,3,6,1103,2,1,4,3,1,3,3,29,1,1,2,1,1,0,0
3,10,3,8,894,4,1,4,0,2,3,1,40,1,1,1,1,1,1,1
0,36,3,4,12389,4,0,1,3,2,4,2,37,1,0,1,1,1,1,1
2,24,1,3,3617,4,3,4,3,0,4,2,20,1,2,2,1,1,0,1
0,24,3,6,2039,2,2,1,2,2,1,1,22,1,1,1,1,1,1,1
0,24,3,6,5084,4,3,2,0,2,4,0,42,1,1,1,1,1,1,1
0,24,2,0,6967,0,1,4,3,2,4,0,36,1,2,1,0,1,1,1
3,24,3,4,1474,0,2,4,2,2,3,3,33,1,1,1,1,1,1,1
0,48,0,0,6416,2,3,4,0,2,3,2,59,1,2,1,1,1,0,1
3,9,3,3,1388,2,0,4,0,2,2,3,26,1,2,1,1,1,0,1
3,12,3,6,1493,2,2,4,0,2,3,0,34,1,1,1,1,2,0,1
0,24,2,0,4712,4,0,4,3,2,2,1,37,0,1,2,0,1,1,1
1,24,1,0,1382,0,1,4,3,2,1,3,26,1,1,2,1,1,1,1
0,18,3,0,2622,0,0,4,3,2,4,0,34,1,1,1,1,1,0,1
1,36,3,5,15857,2,4,2,1,0,3,0,43,1,1,1,0,1,0,1
3,36,1,9,10477,4,3,2,3,2,4,2,42,1,0,2,1,1,0,1
2,6,1,4,1299,2,0,1,3,2,1,3,74,1,1,3,2,2,0,0
0,36,3,6,2671,0,0,4,0,0,4,2,50,1,0,1,1,1,0,1
1,36,3,3,3620,2,0,1,3,1,2,1,37,1,1,1,1,2,0,1
1,18,3,3,2659,3,0,4,3,2,2,0,28,1,1,1,1,1,0,1
3,15,3,9,3812,0,2,1,0,2,4,0,23,1,1,1,1,1,1,1
1,18,3,6,2600,2,0,4,3,2,4,2,65,1,0,2,1,1,0,1
1,36,3,4,9271,2,1,2,3,2,1,0,24,1,1,1,1,1,1,1
0,9,0,9,5129,2,3,2,0,2,4,2,74,0,0,1,0,2,1,1
0,15,1,6,1537,4,3,4,3,1,4,3,50,1,1,2,1,1,1,1
1,36,3,9,8229,2,0,2,3,2,2,1,26,1,1,1,1,2,0,1
2,15,3,2,392,2,2,4,0,2,4,1,23,1,2,1,1,1,1,1
3,18,3,4,6761,4,0,2,3,2,4,0,68,1,2,2,1,1,0,1
1,30,3,6,2522,2,3,1,3,1,3,1,39,1,1,1,1,2,0,1
3,18,2,6,2320,2,4,2,2,2,3,3,34,1,1,2,1,1,0,1
1,24,2,4,1333,2,4,4,3,2,2,3,43,1,0,2,1,2,0,1
3,12,3,6,804,2,3,4,3,2,4,0,38,1,1,1,1,1,0,1
3,33,2,0,2764,2,0,2,0,2,2,0,26,1,1,2,1,1,1,1
1,10,1,4,2241,2,2,1,3,2,3,3,48,1,2,2,3,2,0,0
0,10,3,3,1521,2,0,4,1,2,2,0,31,1,1,1,3,1,0,1
0,21,3,0,2767,0,3,4,1,2,2,0,61,0,2,2,3,1,0,1
1,36,3,3,3959,2,4,4,3,2,3,1,30,1,1,1,0,1,1,1
3,10,1,3,2146,2,2,1,0,2,3,3,23,1,2,2,1,1,0,1
3,24,1,3,2028,2,1,2,3,2,2,1,30,1,1,2,3,1,0,1
1,24,3,6,3660,2,0,2,0,2,4,0,28,1,1,1,1,1,0,1
3,28,1,6,2743,2,3,4,3,2,2,0,29,1,1,2,1,1,0,1
3,12,3,3,1574,2,0,4,3,2,2,3,50,1,1,1,1,1,0,1
0,15,3,4,2631,0,0,2,0,2,4,0,28,1,2,2,1,1,1,1
0,54,4,0,15945,2,2,3,3,2,4,2,58,1,2,1,1,1,1,1
0,14,3,0,1410,1,3,1,2,2,2,3,35,1,1,1,1,1,1,1
3,12,3,9,1413,3,1,3,3,2,2,1,55,1,1,1,1,1,0,0
0,21,2,4,2353,2,0,1,1,2,4,1,47,1,1,2,1,1,0,1
0,20,2,9,7057,4,1,3,3,2,4,1,36,0,2,2,0,2,1,1
1,18,3,6,1882,2,0,4,0,2,4,0,25,0,2,2,1,1,0,1
3,6,1,4,362,0,0,4,0,2,4,0,52,1,1,2,3,1,0,1
0,21,3,0,1188,2,3,2,0,2,4,1,39,1,1,1,1,2,0,1
1,30,3,3,3622,3,3,4,0,2,4,1,57,1,2,2,1,1,1,1
3,21,2,9,2993,2,0,3,3,2,2,3,28,2,1,2,3,1,0,1
3,15,3,3,2708,2,2,2,3,2,3,1,27,0,1,2,3,1,0,1
3,15,3,2,4623,0,0,3,3,2,2,1,40,1,1,1,0,1,1,1
0,48,3,4,6560,0,1,3,3,2,2,1,24,1,1,1,1,1,0,1
1,42,1,7,3394,2,4,4,3,0,4,0,65,1,1,2,2,1,0,1
1,14,3,4,3973,2,4,1,3,2,4,2,22,1,0,1,1,1,0,1
1,48,3,2,7476,2,1,4,3,2,1,2,50,1,0,1,0,1,1,1
0,12,4,3,2969,2,2,4,0,2,3,1,25,1,2,2,1,1,0,1
3,18,3,3,2515,2,0,3,3,2,4,3,43,1,1,1,1,1,1,1
1,18,0,3,1553,2,0,4,3,2,3,0,44,0,1,1,1,1,0,1
3,15,3,3,2186,4,1,1,0,2,4,3,33,0,2,1,3,1,0,1
3,12,3,4,2859,4,4,4,3,2,4,2,38,1,1,1,0,1,1,1
1,24,3,5,1755,2,3,4,0,1,4,3,58,1,1,1,3,1,1,1
3,24,3,3,3062,1,3,4,3,2,3,2,32,1,2,1,1,1,1,1
1,21,3,6,3357,3,2,4,0,2,2,0,29,0,1,1,1,1,0,1
1,6,1,4,860,2,3,1,0,2,4,2,39,1,1,2,1,1,1,1
3,12,1,2,3565,4,2,2,3,2,1,1,37,1,1,2,3,2,0,1
0,12,3,4,6078,2,1,2,3,2,2,0,32,1,1,1,1,1,0,1
2,12,3,3,1474,2,2,4,0,2,1,1,33,0,1,1,0,1,1,1
3,24,1,9,2197,4,1,4,3,2,4,0,43,1,1,2,1,2,1,1
0,9,1,2,1501,2,3,2,0,2,3,0,34,1,1,2,0,1,1,1
0,15,2,7,1512,3,0,3,2,2,3,1,61,2,1,2,1,1,0,1
2,36,3,6,4473,2,3,4,3,2,2,0,31,1,1,1,1,1,0,1
3,21,3,9,5248,4,0,1,3,2,3,0,26,1,1,1,1,1,0,1
0,9,3,6,458,2,0,4,3,2,3,3,24,1,1,1,1,1,0,1
2,12,3,6,1881,2,0,2,0,2,2,0,44,1,2,1,3,1,1,1
0,15,0,4,6850,0,4,1,3,2,2,1,34,1,1,1,0,2,1,1
3,12,3,2,1393,2,3,4,3,2,4,1,47,0,1,3,1,2,1,1
3,18,1,6,1169,4,0,4,3,2,3,1,29,1,1,2,1,1,1,1
2,12,3,3,2251,2,0,1,0,2,2,0,46,1,1,1,3,1,0,1
3,18,1,3,1817,2,0,4,0,2,2,2,28,1,1,2,1,1,0,1
3,36,1,4,7855,2,0,4,0,2,2,3,25,2,1,2,1,1,1,1
1,24,3,3,2359,0,4,1,1,2,1,1,33,1,1,1,1,1,0,1
1,18,1,3,1049,2,2,4,0,2,4,1,21,1,2,1,1,1,0,1
3,21,3,0,1572,3,3,4,0,2,4,3,36,0,1,1,3,1,0,1
1,24,1,9,6419,2,3,2,0,2,4,2,44,1,0,2,0,2,1,1
3,24,3,6,3181,2,2,4,0,2,4,1,26,1,1,1,1,1,1,1
3,24,1,6,2578,3,3,2,3,2,2,0,34,1,1,1,1,1,0,1
3,7,2,6,846,4,3,3,3,2,4,2,36,1,0,1,1,1,0,1
0,48,3,0,15672,2,0,2,3,2,2,0,23,1,1,1,1,1,1,1
1,18,3,3,2462,2,0,2,3,2,2,0,22,1,1,1,1,1,0,1
3,24,1,9,6842,4,0,2,3,2,4,1,46,1,1,2,0,2,1,1
3,24,1,4,1287,3,3,4,0,2,4,3,37,1,1,2,1,1,1,1
0,6,3,6,1068,2,3,4,3,2,4,0,28,1,1,1,1,2,0,1
1,24,3,4,1285,4,1,4,0,2,4,2,32,1,2,1,1,1,0,1
0,36,3,6,4795,2,2,4,0,2,1,2,30,1,1,1,0,1,1,1
2,24,3,6,1258,1,0,3,0,2,3,0,57,1,1,1,3,1,0,1
1,30,4,0,8072,4,2,2,3,2,3,0,25,0,1,3,1,1,0,1
1,24,3,3,4169,2,0,4,3,2,4,1,28,1,1,1,1,1,0,1
3,24,3,6,1278,2,3,4,3,2,1,3,36,1,1,1,0,1,1,1
2,24,3,3,1925,2,0,2,3,2,2,3,26,1,1,1,1,1,0,1
1,33,1,3,4281,1,0,1,0,2,4,0,23,1,1,2,1,1,0,1
1,15,3,4,1403,2,0,2,0,2,4,0,28,1,2,1,1,1,0,1
1,6,1,6,1169,4,3,4,3,2,4,3,67,1,1,2,1,1,1,1
3,39,3,9,2569,1,0,4,3,2,4,0,24,1,1,1,1,1,0,1
3,15,1,6,1459,2,0,4,0,2,2,0,43,1,1,1,3,1,0,1
3,9,3,2,3832,4,3,1,3,2,4,3,64,1,1,1,3,1,0,1
0,60,3,4,14027,2,1,4,3,2,2,2,27,1,1,1,0,1,1,1
3,6,3,6,1346,0,3,2,3,2,4,2,42,0,0,1,1,2,1,1
3,12,1,6,976,4,3,4,3,2,4,0,35,1,1,2,1,1,0,1
1,24,3,4,915,4,3,4,0,2,2,0,29,0,1,1,1,1,0,1
3,18,3,6,433,2,4,3,0,0,4,3,22,1,2,1,1,1,0,1
0,12,3,4,836,0,2,4,0,2,2,1,23,0,1,1,3,1,0,1
0,9,1,2,1136,3,3,4,3,2,3,2,32,1,0,2,1,2,0,1
3,24,2,4,2032,2,3,4,3,2,4,2,60,1,0,2,1,1,1,1
0,27,2,9,5965,2,3,1,3,2,2,0,30,1,1,2,0,1,1,1
1,24,3,4,1207,2,2,4,0,2,4,1,24,1,2,1,1,1,0,1
3,15,3,4,3556,4,0,3,3,2,2,2,29,1,1,1,1,1,0,1
3,27,1,3,4526,3,2,4,3,2,2,3,32,2,1,2,3,2,1,1
0,24,3,9,11560,2,0,1,0,2,4,0,23,1,2,2,0,1,0,1
0,9,1,6,1154,2,3,2,3,2,4,3,37,1,1,3,3,1,0,1
2,24,1,0,1275,3,0,2,1,2,4,3,36,1,1,2,1,1,1,1
1,15,3,1,1275,4,0,4,0,2,2,0,24,1,2,1,1,1,0,1
2,24,1,6,3148,4,0,3,3,2,2,0,31,1,1,2,1,1,1,1
3,24,2,9,4679,2,1,3,3,2,3,0,35,1,1,2,3,1,1,1
2,24,3,6,5152,2,1,4,3,2,2,0,25,0,1,1,1,1,0,1
0,39,1,6,4933,2,1,2,3,1,2,3,25,1,1,2,1,1,0,1
3,15,3,6,1386,4,0,4,2,2,2,3,40,1,2,1,1,1,1,1
3,9,3,3,1313,2,3,1,3,2,4,0,20,1,1,1,1,1,0,1
3,12,0,8,3447,1,0,4,0,2,3,3,35,1,1,1,3,2,0,1
0,9,3,6,1670,2,2,4,0,2,2,0,22,1,1,1,1,1,1,1
1,24,2,6,1659,2,2,4,0,2,2,0,29,1,2,1,3,1,1,1
3,30,1,6,5771,2,1,4,0,2,2,0,25,1,1,2,1,1,0,1
1,24,3,4,4817,2,1,2,3,0,3,1,31,1,1,1,1,1,1,1
2,36,3,6,4210,2,0,4,3,2,2,0,26,1,1,1,1,1,0,1
3,10,3,4,1309,4,0,4,3,1,4,1,27,1,1,1,3,1,0,1
2,18,3,3,3049,2,2,1,0,2,1,1,45,2,1,1,3,1,0,1
1,12,3,3,1657,2,0,2,3,2,2,3,27,1,1,1,1,1,0,1
1,36,3,6,2302,2,0,4,1,2,4,0,31,1,2,1,1,1,0,1
3,12,1,2,701,2,0,4,3,2,2,0,32,1,1,2,1,1,0,1
1,12,3,6,2214,2,0,4,3,2,3,1,24,1,1,1,3,1,0,1
3,36,3,0,7409,4,3,3,3,2,2,1,37,1,1,2,1,1,0,1
3,15,3,9,3029,2,1,2,3,2,2,0,33,1,1,1,1,1,0,1
0,12,3,6,1534,2,2,1,2,2,1,3,23,1,2,1,1,1,0,1
3,24,1,5,6314,2,4,4,3,0,2,2,27,0,1,2,0,1,1,1
0,12,3,6,1092,2,0,4,0,1,4,3,49,1,1,2,1,1,1,1
0,12,3,8,754,4,3,4,3,2,4,1,38,1,1,2,1,1,0,1
3,30,1,6,6742,4,1,2,3,2,3,1,36,1,1,2,1,1,0,1
3,4,1,4,3380,2,1,1,0,2,1,3,37,1,1,1,1,2,0,1
1,15,3,3,1845,2,2,4,0,1,1,1,46,1,2,1,1,1,0,1
0,48,2,5,7582,0,4,2,3,2,4,2,31,1,0,1,0,1,1,1
1,12,2,4,1344,2,0,4,3,2,2,3,43,1,1,2,3,2,0,1
3,48,1,9,11590,0,0,2,0,2,4,0,24,0,2,2,3,1,0,1
1,36,2,0,2145,2,1,2,3,2,1,0,24,1,1,2,1,1,1,1
0,9,3,3,959,2,0,1,0,2,2,0,29,1,1,1,1,1,0,0
0,12,1,4,3124,2,2,1,3,2,3,3,49,0,1,2,3,2,0,1
3,21,2,3,1591,0,1,4,3,2,3,3,34,1,1,2,0,1,0,1
1,9,3,6,1366,2,2,3,0,2,4,1,22,1,2,1,1,1,0,1
0,36,3,2,2273,2,1,3,3,2,1,0,32,1,1,2,1,2,0,1
0,13,3,6,2101,2,2,2,0,1,4,1,23,1,1,1,3,1,0,1
0,12,3,4,7472,4,4,1,0,2,2,3,24,1,2,1,2,1,0,1
1,15,3,4,1721,2,2,2,3,2,3,3,36,1,1,1,1,1,0,1
1,18,1,4,3966,2,3,1,0,2,4,3,33,0,2,3,1,1,1,1
3,6,3,4,3518,2,0,2,3,1,3,1,26,1,2,1,1,1,0,1
3,36,1,4,3535,2,1,4,3,2,4,0,37,1,1,2,1,1,1,1
3,24,3,6,3105,4,2,4,3,2,2,0,25,1,1,2,1,1,0,1
1,21,1,4,1602,2,3,4,2,2,3,0,30,1,1,2,1,1,1,1
3,30,1,6,5954,2,1,3,3,0,2,0,38,1,1,1,1,1,0,1
2,6,2,6,683,2,2,2,0,2,1,1,29,0,1,1,1,1,0,1
0,18,3,6,1113,2,0,4,0,1,4,3,26,1,1,1,3,2,0,1
1,21,3,6,2606,2,2,4,0,2,4,1,28,1,2,1,0,1,1,1
0,36,2,4,2225,2,3,4,3,2,4,2,57,0,0,2,1,1,1,1
0,36,0,1,3990,4,2,3,0,2,2,2,29,0,1,1,2,1,0,1
1,6,3,4,1374,4,4,4,0,2,3,1,75,1,1,1,0,1,1,1
2,6,1,4,1323,0,3,2,1,2,4,0,28,1,1,2,1,2,1,1
3,6,0,6,1750,1,3,2,3,2,4,1,45,0,1,1,3,2,0,1
0,24,1,0,2825,4,1,4,3,2,3,2,34,1,1,2,1,2,1,1
0,12,3,6,1158,1,0,3,1,2,1,0,26,1,1,1,1,1,1,1
3,6,3,9,1236,1,0,2,3,2,4,1,50,1,2,1,1,1,0,1
0,18,1,6,1795,2,3,3,0,1,4,3,48,0,2,2,3,1,1,1
0,11,1,4,1322,3,0,4,0,2,4,0,40,1,1,2,1,1,0,1
1,48,3,4,7763,2,3,4,3,2,4,2,42,0,0,1,0,1,0,1
1,6,1,6,338,1,3,4,3,2,4,0,52,1,1,2,1,1,0,1
1,30,3,9,3857,2,0,4,1,2,4,1,40,1,1,1,0,1,1,1
0,15,3,7,2631,0,0,3,0,2,2,3,25,1,1,1,3,1,0,1
3,36,1,0,6304,4,3,4,3,2,4,3,36,1,1,2,1,1,0,1
1,24,0,3,3349,1,2,4,3,2,4,2,30,1,0,1,1,2,1,1
1,12,1,4,3499,2,0,3,0,0,2,3,29,1,1,2,1,1,0,1
2,10,1,4,781,2,3,4,3,2,4,2,63,1,0,2,1,1,1,1
3,15,3,3,2221,1,0,2,0,2,4,0,20,1,2,1,1,1,0,1
3,6,3,3,1766,2,0,1,2,2,2,1,21,1,2,1,1,1,0,1
0,18,3,3,3001,2,1,2,0,2,4,3,40,1,2,1,1,1,0,1
3,18,1,3,3780,2,2,3,1,2,2,0,35,1,1,2,0,1,1,1
1,36,2,2,6887,2,0,4,3,2,3,1,29,2,1,1,1,1,1,1
1,18,3,3,2473,2,4,4,3,2,1,0,25,1,1,1,2,1,0,1
0,6,3,6,368,4,3,4,3,2,4,1,38,1,1,1,1,1,0,1
3,18,2,0,2169,2,0,4,2,2,2,0,28,1,1,1,1,1,1,1
3,36,3,3,10974,2,4,4,0,2,2,0,26,1,1,2,0,1,1,1
3,24,1,6,2424,4,3,4,3,2,4,1,53,1,1,2,1,1,0,1
3,15,1,6,1316,1,0,2,2,2,2,1,47,1,1,2,3,1,0,1
1,36,1,9,9629,2,1,4,3,2,4,0,24,1,1,2,1,1,1,1
3,60,3,6,10144,0,1,2,0,2,4,3,21,1,1,1,1,1,1,1
0,6,2,3,1050,2,4,4,3,2,1,1,35,2,1,2,0,1,1,1
0,9,0,4,1437,0,1,2,3,2,3,2,29,1,1,1,1,1,0,1
1,18,1,3,2124,2,0,4,0,2,4,3,24,1,2,2,1,1,0,1
3,24,3,9,6313,4,3,3,3,2,4,0,41,1,1,1,0,2,1,1
0,36,3,9,6948,2,0,2,3,2,2,0,35,1,2,1,0,1,1,1
1,21,0,4,1647,4,0,4,3,2,2,1,40,1,1,2,3,2,0,1
1,24,0,9,3632,2,0,1,0,1,4,0,22,0,2,1,1,1,0,0
3,15,3,1,1262,1,1,4,3,2,3,1,36,1,1,2,1,1,1,1
0,24,3,9,12579,2,3,4,0,2,2,2,44,1,0,1,0,1,1,1
3,12,1,7,996,4,1,4,0,2,4,3,23,1,1,2,1,1,0,1
0,18,3,4,5866,0,0,2,3,2,2,0,30,1,1,2,1,1,1,1
2,21,3,4,2923,0,0,1,0,2,1,0,28,0,1,1,0,1,1,1
0,18,3,6,3213,1,2,1,2,2,3,3,25,1,2,1,1,1,0,1
3,24,1,7,2058,2,0,4,1,2,2,3,33,1,1,2,1,1,1,1
1,30,1,9,6187,0,1,1,2,2,4,0,24,1,2,2,1,1,0,1
3,24,3,6,5943,4,2,1,0,2,1,0,44,1,1,2,1,1,1,1
0,30,2,0,2503,0,3,4,3,2,2,1,41,2,1,2,1,1,0,1
3,24,2,3,4151,0,0,2,3,2,3,1,35,1,1,2,1,1,0,1
3,9,3,6,2697,2,0,1,3,2,2,3,32,1,1,1,1,2,0,1
3,24,3,4,3757,2,3,4,0,0,4,2,62,1,0,1,1,1,1,1
0,12,3,9,2028,4,0,4,3,2,2,0,30,1,1,1,1,1,0,1
1,12,1,3,2246,2,3,3,3,2,3,1,60,1,1,2,1,1,0,1
1,20,1,4,2235,2,0,4,2,1,2,1,33,0,2,2,1,1,0,0
1,6,1,6,1957,2,1,1,0,2,4,0,31,1,1,1,1,1,0,1
0,27,3,0,2528,2,2,4,0,2,1,1,32,1,1,1,1,2,1,1
3,18,1,9,3229,4,4,2,3,2,4,2,38,1,1,1,0,1,1,1
1,18,3,6,1936,4,1,2,2,2,4,0,23,1,2,2,3,1,0,1
3,12,4,3,2759,2,3,2,3,2,4,1,34,1,1,2,1,1,0,1
1,12,4,6,6199,2,0,4,3,2,2,1,28,1,2,2,1,1,1,1
3,24,3,6,2284,2,1,4,3,2,2,0,28,1,1,1,1,1,1,1
1,30,3,3,2406,2,1,4,0,2,4,3,23,1,2,1,1,1,0,1
3,15,2,9,3594,2,2,1,0,2,2,1,46,1,1,2,3,1,0,1
1,8,1,4,3398,2,1,1,3,2,4,3,39,1,1,2,3,1,0,0
0,24,3,4,1201,2,2,4,3,2,1,1,26,1,1,1,1,1,0,1
3,48,2,6,7238,4,3,3,3,2,3,0,32,0,1,2,1,2,0,1
1,12,3,3,1289,2,0,4,3,1,1,1,21,1,1,1,3,1,0,1
1,36,3,3,5179,2,1,4,3,2,2,1,29,1,1,1,1,1,0,1
0,36,3,2,12612,0,0,1,3,2,4,2,47,1,0,1,1,2,1,1
3,30,3,6,1867,4,3,4,3,2,4,0,58,1,1,1,1,1,1,1
1,18,3,4,4380,0,0,3,3,2,4,0,35,1,1,1,3,2,1,1
0,8,3,3,1237,2,0,3,0,2,4,3,24,1,1,1,1,1,0,1
3,12,3,3,1123,1,0,4,0,2,4,0,29,1,2,1,3,1,0,1
1,18,3,3,4153,2,0,2,3,0,3,0,42,1,1,1,1,1,0,1
1,24,0,0,3161,2,0,4,3,2,2,1,31,1,2,1,1,1,1,1
0,36,3,7,2384,2,2,4,3,2,1,2,33,1,2,1,3,1,0,1
3,12,1,6,522,1,3,4,3,2,4,1,42,1,1,2,1,2,1,1
3,15,3,1,874,4,2,4,0,2,1,3,24,1,1,1,1,1,0,1
1,12,0,6,2149,2,0,4,1,2,1,2,29,1,0,1,1,1,0,1
1,11,1,4,3905,2,0,2,3,2,2,3,36,1,2,2,1,2,0,1
3,12,1,4,1163,1,0,4,3,2,4,3,44,1,1,1,1,1,1,1
3,12,1,6,930,4,3,4,3,2,4,3,65,1,1,4,1,1,0,1
1,12,3,4,1274,2,2,3,0,2,1,3,37,1,1,1,3,1,0,1
3,12,3,0,1542,2,1,2,3,2,4,0,36,1,1,1,1,1,1,1
0,18,3,0,1913,3,2,3,2,2,3,3,36,0,1,1,1,1,1,1
3,6,0,4,783,4,0,1,3,1,2,3,26,2,1,1,3,2,0,1
0,24,3,6,2896,0,2,2,3,2,1,0,29,1,1,1,1,1,0,1
1,12,3,8,902,2,1,4,2,2,4,1,21,1,2,1,1,1,0,1
0,12,3,0,841,0,1,2,0,2,4,3,23,1,2,1,3,1,0,1
0,24,1,9,7758,3,3,2,0,2,4,2,29,1,2,1,1,1,0,1
1,36,1,3,5371,2,0,3,3,1,2,1,28,1,1,2,1,1,0,1
2,24,1,4,1344,4,1,4,3,2,2,3,37,0,1,2,3,2,0,1
1,45,3,6,1845,2,0,4,3,2,4,2,23,1,0,1,1,1,1,1
0,18,1,3,3612,2,3,3,0,2,4,1,37,1,1,1,1,1,1,1
0,36,3,6,2323,2,1,4,3,2,4,0,24,1,2,1,1,1,0,1
0,9,3,3,2030,4,1,2,3,2,1,0,24,1,1,1,1,1,1,1
0,60,2,6,9157,4,0,2,3,2,2,2,27,1,0,1,0,1,0,1
3,6,1,6,1898,4,0,1,3,2,2,3,34,1,1,2,3,2,0,1
3,12,1,4,1495,2,3,4,3,2,1,3,38,1,1,2,3,2,0,1
3,10,3,4,1364,2,0,2,0,2,4,0,64,1,1,1,1,1,1,1
3,18,1,4,1028,2,0,4,0,2,3,3,36,1,1,2,1,1,0,1
0,30,1,4,5234,2,4,4,2,2,2,0,28,1,1,2,0,1,0,1
0,36,1,9,5800,2,0,3,3,2,4,0,34,1,1,2,1,1,1,1
3,12,3,6,2141,0,1,3,3,2,1,2,35,1,1,1,1,1,0,1
0,30,1,3,8386,2,1,2,3,2,2,1,49,1,1,1,1,1,0,1
1,12,1,9,1409,2,3,4,3,2,3,3,54,1,1,1,1,1,0,1
0,24,2,4,1965,4,0,4,0,2,4,0,42,1,2,2,1,1,1,1
1,21,3,4,3763,4,1,2,3,0,2,3,24,1,1,1,3,1,0,0
3,12,2,7,1555,3,3,4,3,2,4,2,55,1,0,2,1,2,0,1
2,36,3,6,5848,2,0,4,3,2,1,0,24,1,1,1,1,1,0,1
0,9,3,4,3195,4,0,1,0,2,2,3,33,1,1,1,3,1,0,1
3,15,1,3,1520,4,3,4,3,2,4,1,63,1,1,1,1,1,0,1
3,30,2,0,4272,0,0,2,3,2,2,1,26,1,1,2,3,1,0,1
0,48,2,0,6681,4,0,4,3,2,4,2,38,1,0,1,1,2,1,1
0,15,3,6,1444,4,2,4,3,2,1,1,23,1,1,1,1,1,0,1
0,12,3,6,6468,4,4,2,3,2,1,2,52,1,1,1,0,1,1,1
1,9,3,6,1364,2,1,3,3,2,4,3,59,1,1,1,1,1,0,1
1,9,1,6,1138,2,0,4,3,2,4,3,25,1,1,2,3,1,0,1
3,12,3,6,2073,0,0,4,0,0,2,3,28,1,1,1,1,1,0,1
3,6,1,6,1237,0,0,1,0,2,1,1,27,1,1,2,1,1,0,1
3,22,3,4,1283,4,1,4,0,2,4,1,25,1,2,1,1,1,0,1
3,36,1,9,5842,2,3,2,3,2,2,1,35,1,1,2,1,2,1,1
3,12,1,0,1412,2,0,4,0,1,2,3,29,1,1,2,0,1,1,1
3,6,2,6,932,2,0,3,0,2,2,3,24,1,1,1,1,1,0,1
1,36,3,9,8335,4,3,3,3,2,4,2,47,1,0,1,1,1,0,1
0,12,1,1,1424,2,1,4,3,2,3,1,26,1,1,1,1,1,0,1
3,10,1,4,1231,2,3,3,3,2,4,3,32,1,1,2,3,2,0,0
1,18,3,4,1216,2,2,4,0,2,3,0,23,1,2,1,1,1,1,1
3,22,3,6,2675,1,3,3,3,2,4,0,40,1,1,1,1,1,0,1
1,18,4,0,3104,2,1,3,3,2,1,1,31,0,1,1,1,1,1,1
3,60,1,4,13756,4,3,2,3,2,4,2,63,0,0,1,0,1,1,1
2,42,1,9,4796,2,3,4,3,2,4,2,56,1,0,1,1,1,0,1
1,18,3,3,2039,2,0,1,0,2,4,3,20,0,2,1,1,1,0,1
1,12,3,6,709,2,3,4,3,2,4,3,57,2,1,1,3,1,0,1
1,15,3,6,1053,2,2,4,2,2,2,3,27,1,1,1,1,1,0,0
3,12,1,6,618,2,3,4,3,2,4,3,56,1,1,1,1,1,0,1
1,6,3,4,1203,0,3,3,3,2,2,1,43,1,1,1,1,1,1,1
3,24,1,6,2223,0,3,4,3,2,4,1,52,0,1,2,1,1,0,1
0,36,4,6,3804,2,0,4,0,2,1,0,42,1,1,1,1,1,1,1
3,60,3,4,6527,4,0,4,3,2,4,2,34,1,0,1,1,2,1,1
3,9,1,2,1244,4,3,4,0,2,4,1,41,1,2,2,3,1,0,1
0,15,0,4,1264,0,0,2,2,2,2,1,25,1,2,1,1,1,0,1
1,30,3,3,6350,4,3,4,3,2,4,1,31,1,1,1,1,1,0,1
3,24,1,6,1851,2,1,4,2,1,2,0,33,1,1,2,1,1,1,1
3,24,3,6,1413,2,0,4,2,2,2,1,28,1,1,1,1,1,0,1
1,21,3,6,1835,2,0,3,0,2,2,3,25,1,1,2,1,1,1,1
3,18,1,9,3850,2,1,3,3,2,1,0,27,1,1,2,1,1,0,1
3,18,1,4,2775,2,1,2,3,2,2,1,31,0,1,2,1,1,0,1
1,24,0,3,2483,1,0,4,3,2,4,3,22,2,1,1,1,1,1,1
1,36,3,2,1977,4,3,4,3,2,4,2,40,1,1,1,0,1,1,1
1,24,3,9,2812,4,3,2,0,2,4,3,26,1,2,1,1,1,0,1
0,12,3,4,1007,3,0,4,2,2,1,3,22,1,1,1,1,1,0,1
0,18,1,6,1245,2,0,4,2,2,2,0,33,1,1,1,1,1,0,1
1,14,3,4,8978,2,3,1,1,2,4,1,45,1,1,1,0,1,1,0
3,24,3,6,1901,0,0,4,3,2,4,0,29,1,2,1,0,1,1,1
1,24,3,4,1381,4,0,4,0,2,2,1,35,1,1,1,1,1,0,1
3,21,3,4,2782,1,1,1,0,2,2,0,31,0,1,1,0,1,0,1
0,18,3,6,1301,2,3,4,2,1,2,3,32,1,1,1,3,1,0,1
0,12,1,3,3617,2,3,1,3,2,4,0,28,1,2,3,1,1,1,1
0,36,3,2,3711,4,0,2,2,2,2,0,27,1,1,1,1,1,0,1
2,12,3,3,1424,4,3,3,0,2,4,3,55,1,1,1,0,1,1,1
0,20,3,9,6468,4,4,1,1,2,4,3,60,1,1,1,0,1,1,1
3,36,3,6,3595,2,3,4,3,2,2,0,28,1,1,1,1,1,0,1
3,9,3,4,2507,1,3,2,3,2,4,2,51,1,0,1,3,1,0,1
1,12,3,3,7865,2,3,4,3,2,4,2,53,1,0,1,0,1,1,1
3,12,3,9,2445,4,2,2,2,2,4,0,26,1,2,1,1,1,1,1
3,27,3,7,5190,4,3,4,3,2,4,1,48,1,1,4,1,2,1,1
3,6,3,6,518,2,0,3,0,2,1,3,29,1,1,1,1,1,0,1
3,12,3,6,2171,2,2,2,0,2,2,0,29,0,1,1,1,1,0,1
1,12,3,4,1893,2,0,4,0,1,4,1,29,1,1,1,1,1,1,1
3,12,1,3,1402,1,1,3,0,2,4,0,37,1,2,1,1,1,1,1
2,18,0,6,1445,4,1,4,3,2,4,0,49,0,1,1,3,1,0,1
3,6,1,3,1221,4,0,1,2,2,2,1,27,1,1,2,1,1,0,1
1,12,3,4,1228,2,0,4,0,2,2,3,24,1,1,1,3,1,0,1
1,18,3,6,3190,2,0,2,0,2,2,3,24,1,1,1,1,1,0,1
1,48,1,9,6331,2,3,4,3,2,4,2,46,1,0,2,1,1,1,1
1,18,3,4,976,2,2,1,0,2,2,0,23,1,1,1,3,1,0,1
1,24,3,6,1282,0,0,4,0,2,2,0,32,1,1,1,3,1,0,1
1,15,3,4,3959,2,0,3,0,2,2,1,29,1,1,1,1,1,1,1
0,26,3,9,7966,2,2,2,3,2,3,0,30,1,1,2,1,1,0,1
0,72,3,6,5595,0,0,2,2,2,2,0,24,1,1,1,1,1,0,1
2,30,1,6,3017,2,3,4,3,2,4,1,47,1,1,1,1,1,0,1
1,36,3,4,3249,2,1,2,3,2,4,2,39,0,0,1,0,2,1,1
0,18,1,3,1928,2,2,2,3,2,2,3,31,1,1,2,3,1,0,1
1,21,1,4,571,2,3,4,3,2,4,3,65,1,1,2,1,1,0,1
3,18,4,0,4165,2,0,2,3,2,2,0,36,2,1,2,1,2,0,1
0,18,3,7,3872,2,4,2,0,2,4,0,67,1,1,1,1,1,1,1
3,15,1,2,1532,0,0,4,0,2,3,0,31,1,1,1,1,1,0,1
0,27,3,0,3915,2,0,4,3,2,2,0,36,1,1,1,1,2,1,1
3,12,1,6,1240,4,3,4,0,2,2,3,38,1,1,2,1,1,1,1
3,9,1,4,2134,2,0,4,3,2,4,0,48,1,1,3,1,1,1,1
3,15,3,9,1300,4,3,4,3,2,4,2,45,0,0,1,1,2,0,1
2,9,4,6,1337,2,2,4,3,2,2,0,34,1,1,2,0,1,1,1
0,12,1,9,1804,0,2,3,3,2,4,1,44,1,1,1,1,1,0,1
0,48,0,4,12169,4,4,4,3,0,4,2,36,1,0,1,0,1,1,1
3,24,1,6,1516,3,0,4,0,2,1,3,43,1,1,2,3,1,0,1
3,18,1,6,2404,2,0,2,0,2,2,0,26,1,1,2,1,1,0,1
3,10,3,4,1597,1,0,3,3,2,2,2,40,1,2,1,3,2,0,0
1,24,0,6,1546,2,1,4,3,1,4,0,24,0,2,1,3,1,0,1
1,60,2,0,6836,2,3,3,3,2,4,2,63,1,1,2,1,1,1,1
0,24,1,6,1216,0,2,4,3,2,4,2,38,0,1,2,1,2,0,1
2,9,3,6,745,2,0,3,0,2,2,3,28,1,1,1,3,1,0,1
3,30,1,6,3077,4,3,3,3,2,2,0,40,1,1,2,1,2,1,1
1,10,1,4,1038,2,1,4,3,0,3,1,49,1,1,2,1,1,1,1
0,48,1,3,5096,2,0,2,0,2,3,0,30,1,1,1,0,1,1,1
3,24,3,4,2255,4,2,4,3,2,1,1,54,1,1,1,1,1,0,1
1,24,3,0,6568,2,0,2,2,2,2,0,21,2,1,1,3,1,0,1
0,48,3,6,5951,2,0,2,0,2,2,3,22,1,1,1,1,1,0,1
3,18,3,6,4594,2,2,3,3,2,2,0,32,1,1,1,1,1,1,1
2,6,1,4,1343,2,3,1,3,2,4,3,46,1,1,2,1,2,0,0
3,9,1,3,2406,2,4,2,3,2,3,0,31,1,1,1,0,1,0,1
0,12,3,4,1295,2,2,3,0,2,1,0,25,1,2,1,1,1,0,1
3,24,3,4,1393,2,0,2,3,1,2,3,31,1,1,1,1,1,1,1
1,12,3,3,1858,2,2,4,0,2,1,0,22,1,2,1,1,1,0,1
0,9,3,0,1391,2,0,2,2,2,1,3,27,0,1,1,1,1,1,1
1,8,1,5,1164,2,3,3,3,2,4,2,51,0,0,2,0,2,1,1
3,36,2,6,4454,2,0,4,0,2,4,3,34,1,1,2,1,1,0,1
3,12,1,4,1255,2,3,4,3,2,4,3,61,1,1,2,3,1,0,1
3,18,1,6,1149,3,0,4,3,2,3,3,46,1,1,2,1,1,0,1
3,30,1,6,4530,2,1,4,0,2,4,0,26,1,2,1,0,1,1,1
0,36,2,4,7432,2,0,2,0,2,2,1,54,1,2,1,1,1,0,1
1,15,1,3,1433,2,0,4,0,2,3,1,25,1,2,2,1,1,0,1
3,24,1,3,1585,2,1,4,3,2,3,1,40,1,1,2,1,1,0,1
1,12,3,6,674,0,1,4,2,2,1,1,20,1,1,1,1,1,0,1
0,48,2,2,6224,2,3,4,3,2,4,2,50,1,0,1,1,1,0,1
0,15,1,6,2728,4,1,4,3,1,2,3,35,0,1,3,1,1,1,1
3,9,1,6,3074,4,0,1,3,2,2,3,33,1,1,2,1,2,0,1
1,18,1,4,5302,2,3,2,3,2,4,2,36,1,0,3,0,1,1,1
0,15,3,7,1514,0,0,4,3,1,2,3,22,1,1,1,1,1,0,1
3,12,1,3,3331,2,3,2,3,2,4,1,42,2,1,1,1,1,0,1
0,8,3,6,1414,2,0,4,3,1,2,3,33,1,1,1,1,1,0,0
1,24,3,9,2910,2,1,2,3,2,1,2,34,1,0,1,0,1,1,1
0,36,1,6,2337,2,3,4,3,2,4,3,36,1,1,1,1,1,0,1
3,9,3,1,1236,2,2,1,0,2,4,3,23,1,2,1,1,1,1,1
3,48,1,9,2751,4,3,4,3,2,3,0,38,1,1,2,1,2,1,1
0,36,2,0,9857,0,1,1,3,2,3,1,31,1,1,2,3,2,1,1
0,6,3,6,753,2,0,2,0,1,3,3,64,1,1,1,1,1,0,1
1,12,3,3,1620,2,0,2,0,0,3,1,30,1,1,1,1,1,0,1
3,14,2,4,802,2,0,4,3,2,2,0,27,1,1,2,3,1,0,1
3,27,2,0,5117,2,1,3,3,2,4,0,26,1,1,2,1,1,0,1
3,36,3,3,3349,2,0,4,0,2,2,0,28,1,1,1,0,1,1,1
0,12,1,4,2366,1,1,3,1,2,3,0,36,1,1,1,0,1,1,1
3,36,3,0,5742,0,1,2,3,2,2,0,31,1,1,2,1,1,1,1
1,18,3,4,2249,0,1,4,3,2,3,0,30,1,1,1,0,2,1,1
3,24,3,4,1525,3,1,4,0,2,3,0,34,1,1,1,1,2,1,1
2,18,3,6,2100,2,0,4,3,0,2,3,37,2,1,1,1,1,0,1
1,48,4,3,7119,2,0,3,3,2,4,2,53,1,0,2,1,2,0,1
2,6,1,2,1047,2,0,2,0,2,4,1,50,1,1,1,3,1,0,1
0,30,3,6,1715,4,0,4,0,2,1,0,26,1,1,1,1,1,0,1
3,15,1,6,1829,2,3,4,3,2,4,0,46,1,1,2,1,1,1,1
1,18,0,6,1940,2,2,3,3,0,4,2,36,0,0,1,0,1,1,1
3,24,3,6,1552,2,1,3,3,2,1,0,32,0,1,1,1,2,0,1
3,12,1,6,1291,2,0,4,0,2,2,1,35,1,1,2,1,1,0,1
3,9,3,3,1980,2,2,2,0,0,2,0,19,1,2,2,1,1,0,1
3,24,3,4,1469,0,3,4,2,2,4,3,41,1,2,1,3,1,0,1
1,12,3,4,2579,2,2,4,3,2,1,3,33,1,1,1,3,2,0,1
1,24,3,3,3021,2,0,2,1,2,2,3,24,1,2,1,3,1,0,1
3,18,1,2,1864,0,0,4,0,2,2,3,30,1,1,2,1,1,0,1
0,12,1,4,1995,0,2,4,3,2,1,0,27,1,1,1,1,1,0,1
1,18,3,6,3509,2,1,4,0,1,1,3,25,1,1,1,1,1,0,1
0,36,2,0,4455,2,0,2,1,2,2,3,30,2,1,2,0,1,1,1
3,12,3,6,886,4,0,4,0,2,2,0,21,1,1,1,1,1,0,1
1,12,0,8,339,2,3,4,2,2,1,0,45,0,1,1,3,1,0,1
1,48,3,6,6999,2,1,1,2,1,1,3,34,1,1,2,1,1,1,1
3,18,1,6,1800,2,0,4,3,2,2,0,24,1,1,2,1,1,0,1
0,20,4,9,6148,0,3,3,2,2,4,0,31,0,1,2,1,1,1,1
0,24,2,3,2333,4,2,4,3,2,2,1,29,0,1,1,3,1,0,1
3,36,3,9,8133,2,0,1,0,2,2,1,30,0,1,1,1,1,0,1
2,36,3,6,3913,2,0,2,3,2,2,3,23,1,1,1,1,1,1,1
0,12,3,3,951,0,2,4,0,2,4,0,27,0,2,4,1,1,0,1
3,36,2,0,9572,2,2,1,1,2,1,0,28,1,1,2,1,1,0,1
3,24,1,6,2872,0,3,3,3,2,4,3,36,1,1,1,1,2,1,1
1,48,1,9,6143,2,3,4,0,2,4,2,58,2,0,2,3,1,0,1
3,12,3,6,2279,4,0,4,3,2,4,2,37,1,0,1,1,1,1,1
3,24,3,4,7393,2,0,1,3,2,4,1,43,1,1,1,3,2,0,1
2,12,3,6,3399,4,3,2,3,2,3,0,37,1,1,1,0,1,0,1
1,21,3,3,3599,2,1,1,0,2,4,0,26,1,2,1,3,1,0,1
1,15,1,3,975,2,0,2,1,2,3,1,25,1,1,2,1,1,0,1
0,18,3,6,866,2,0,4,2,1,2,3,25,1,1,1,3,1,0,1
3,24,3,9,2603,3,0,2,0,2,4,0,28,1,2,1,1,1,1,1
1,12,1,4,4843,2,3,3,3,0,4,1,43,1,2,2,1,1,1,1
3,21,3,6,3160,4,3,4,3,2,3,1,41,1,1,1,1,1,1,1
0,42,0,9,9283,2,4,1,3,2,2,2,55,0,0,1,0,1,1,1
3,24,1,4,2022,2,0,4,0,2,4,0,37,1,1,1,1,1,1,1
3,24,3,6,3430,1,3,3,3,2,2,0,31,1,1,1,1,2,1,1
0,9,3,4,276,2,0,4,2,2,4,3,22,1,2,1,3,1,0,1
2,10,3,4,3949,2,2,1,3,1,1,1,37,1,1,1,3,2,0,1
0,12,1,9,1860,2,4,4,3,2,2,0,34,1,1,2,0,1,1,1
0,24,3,3,4351,4,0,1,0,2,4,1,48,1,1,1,3,1,1,1
1,15,1,3,1478,2,3,4,3,2,4,0,44,1,1,2,1,2,1,1
0,12,3,6,1155,2,3,3,2,1,3,3,40,0,1,2,3,1,0,1
3,12,3,4,640,2,0,4,1,2,2,3,49,1,1,1,3,1,0,1
1,24,1,9,2957,2,3,4,3,2,4,1,63,1,1,2,1,1,1,1
2,6,3,4,709,3,2,2,2,2,2,3,27,1,1,1,2,1,0,0
0,60,0,5,14782,0,3,3,0,2,4,2,60,0,0,2,0,1,1,1
0,18,4,4,2278,0,2,3,0,2,3,0,28,1,1,2,1,1,0,1
1,6,3,3,1374,2,0,1,3,2,2,3,36,0,1,1,3,1,1,1
2,15,1,9,2360,1,0,2,3,2,2,0,36,1,1,1,1,1,1,1
3,24,3,6,2397,1,3,3,3,2,2,0,35,0,1,2,1,1,1,1
3,9,3,3,2301,0,2,2,0,2,4,1,22,1,2,1,1,1,0,1
3,24,1,4,1940,3,3,4,3,2,4,3,60,1,1,1,1,1,1,1
3,12,3,4,1884,2,3,4,3,2,4,0,39,1,1,1,0,1,1,1
0,6,0,2,433,3,2,4,0,2,2,1,24,0,2,1,1,2,0,1
0,36,3,3,9034,0,2,4,3,0,1,2,29,1,2,1,0,1,1,1
3,18,3,4,2662,4,1,4,3,2,3,1,32,1,1,1,1,1,0,0
3,36,3,6,2394,4,0,4,0,2,4,0,25,1,1,1,1,1,0,1
3,24,3,6,3621,0,3,2,3,2,4,0,31,1,1,2,1,1,0,1
1,24,3,9,6579,2,4,4,3,2,2,2,29,1,0,1,0,1,1,1
1,24,3,6,2384,2,3,4,3,2,4,3,64,0,2,1,3,1,0,1
0,18,3,4,6260,2,1,3,3,2,3,3,28,1,2,1,3,1,0,1
3,12,3,3,1768,2,0,3,3,2,2,3,24,1,2,1,3,1,0,1
0,39,2,2,11760,0,1,2,3,2,3,2,32,1,2,1,1,1,1,1
0,48,3,4,8487,4,1,1,0,2,2,0,24,1,1,1,1,1,0,1
0,12,3,4,685,2,1,2,2,2,3,0,25,0,1,1,3,1,0,1
3,18,3,6,1126,4,2,4,0,2,2,3,21,1,2,1,1,1,1,1
3,12,1,6,1655,2,3,2,3,2,4,3,63,1,1,2,3,1,1,1
1,24,3,4,2303,2,3,4,3,0,1,3,45,1,1,1,1,1,0,1
1,36,3,4,1842,2,2,4,0,2,4,0,34,1,1,1,1,1,1,1
3,10,3,4,1287,4,3,4,3,0,2,1,45,1,1,1,3,1,0,0
3,24,3,6,1311,0,1,4,2,2,3,1,26,1,1,1,1,1,1,1
2,10,3,1,1225,2,0,2,3,2,2,0,37,1,1,1,1,1,1,1
1,24,3,3,7721,4,2,1,0,2,2,1,30,1,1,1,1,1,1,0
1,24,3,6,1603,2,3,4,0,2,4,0,55,1,1,1,1,1,0,1
3,42,1,3,4042,1,0,4,3,2,4,3,36,1,1,2,1,1,1,1
3,60,3,4,10366,2,3,2,3,2,4,1,42,1,1,1,0,1,1,1
3,24,1,2,1927,4,0,3,0,2,2,0,33,1,1,2,1,1,1,1
2,15,3,0,2687,2,1,2,3,2,4,1,26,1,2,1,1,1,1,1
0,30,0,3,3496,3,0,4,3,2,2,0,34,2,1,1,1,2,1,1
0,24,1,2,5743,2,2,2,0,2,4,2,24,1,0,2,1,1,1,1
3,15,2,6,1478,2,0,4,2,2,3,3,33,0,1,2,1,1,0,1
0,36,3,9,9398,2,2,1,2,2,4,0,28,1,2,1,0,1,1,1
3,9,1,2,936,1,3,4,3,2,2,0,52,1,1,2,1,1,1,1
1,36,3,3,2712,2,3,2,3,2,2,1,41,0,1,1,1,2,0,1
0,18,1,4,1056,2,3,3,3,1,3,3,30,0,1,2,1,1,0,1
0,48,3,6,3060,2,1,4,3,2,4,3,28,1,1,2,1,1,0,1
3,42,3,6,7166,4,1,2,2,2,4,1,29,1,2,1,1,1,1,1
3,24,1,9,5804,3,0,4,3,2,2,3,27,1,1,2,1,1,0,1
3,12,3,6,1262,2,0,3,3,2,2,0,25,1,1,1,1,1,0,1
1,24,1,6,1231,3,3,4,0,2,4,1,57,1,2,2,0,1,1,1
0,24,2,6,6403,2,2,1,3,2,2,0,33,1,1,1,1,1,0,1
3,12,1,3,1592,3,1,3,0,2,2,1,35,1,1,1,1,1,0,0
3,24,3,8,937,2,2,4,2,2,3,0,27,1,1,2,3,1,0,1
0,18,2,7,6204,2,0,2,3,2,4,3,44,1,1,1,3,2,1,1
0,10,3,4,7308,2,4,2,3,2,4,2,70,0,0,1,0,1,1,1
1,48,3,0,4308,2,2,3,0,2,4,1,24,1,2,1,1,1,0,1
1,12,3,2,1200,4,0,4,0,2,4,1,23,0,2,1,1,1,1,1
3,6,4,4,1204,0,0,4,3,2,1,2,35,0,2,1,1,1,0,0
0,24,3,4,2718,2,0,3,0,2,4,1,20,1,2,1,3,1,1,1
0,9,1,3,1919,2,1,4,3,2,3,0,35,1,2,1,1,1,1,1
1,24,3,3,2996,4,0,2,2,2,4,0,20,1,1,1,1,1,0,1
0,10,0,6,1048,2,0,4,3,2,4,3,23,2,1,1,3,1,0,1
1,13,1,0,1797,2,2,3,3,2,1,1,28,0,1,2,3,1,0,1
0,30,3,6,2991,4,3,2,0,2,4,0,25,1,1,1,1,1,0,1
0,24,3,4,1355,2,2,3,0,2,4,0,25,1,1,1,3,1,1,1
3,36,1,9,5711,3,3,4,3,2,2,0,38,1,1,2,0,1,1,1
0,24,2,3,2064,2,4,3,0,2,2,1,34,1,1,1,0,1,1,1
0,30,4,0,4280,0,0,4,0,2,4,0,26,1,2,2,3,1,0,1
2,12,0,0,609,2,2,4,0,2,1,3,26,1,1,1,2,1,0,1
